hyperparameters,iteration,accs,object_loss,run_time
"{'attention_probs_dropout_prob': 0.3, 'batch_size': 64, 'hid_epoches': 10.0, 'hid_learning_rate': 0.001, 'hidden_act': 1, 'hidden_dropout_prob': 0.1, 'hidden_size': 149.0, 'intermediate_size': 2761.0, 'loss_function': 1, 'mapfunction_1': 2.0, 'mapfunction_10': 2.0, 'mapfunction_11': 0, 'mapfunction_12': 11.0, 'mapfunction_2': 0, 'mapfunction_3': 3.0, 'mapfunction_4': 0, 'mapfunction_5': 0, 'mapfunction_6': 5.0, 'mapfunction_7': 7.0, 'mapfunction_8': 3.0, 'mapfunction_9': 4.0, 'max_sequence_length': 368.0, 'num_attention_heads': 2.0, 'num_hidden_layers': 6.0, 'position_embedding_type': 2, 'pred_learning_rate': 0.0001, 'tokenizer': 2, 'vocab_size': 40000.0}",11,0.5737044124335441,0.4262955875664559,0.00031495094299316406
"{'attention_probs_dropout_prob': 0.1, 'batch_size': 32, 'hid_epoches': 10.0, 'hid_learning_rate': 0.001, 'hidden_act': 1, 'hidden_dropout_prob': 0.2, 'hidden_size': 226.0, 'intermediate_size': 2441.0, 'loss_function': 2, 'mapfunction_1': 0, 'mapfunction_10': 0, 'mapfunction_11': 2.0, 'mapfunction_12': 0, 'mapfunction_2': 0, 'mapfunction_3': 1.0, 'mapfunction_4': 0, 'mapfunction_5': 0, 'mapfunction_6': 0, 'mapfunction_7': 11.0, 'mapfunction_8': 4.0, 'mapfunction_9': 12.0, 'max_sequence_length': 358.0, 'num_attention_heads': 1.0, 'num_hidden_layers': 5.0, 'position_embedding_type': 3, 'pred_learning_rate': 0.0001, 'tokenizer': 2, 'vocab_size': 33000.0}",22,0.5616282570566211,0.4383717429433789,0.0002770423889160156
"{'attention_probs_dropout_prob': 0.1, 'batch_size': 32, 'hid_epoches': 10.0, 'hid_learning_rate': 0.001, 'hidden_act': 1, 'hidden_dropout_prob': 0.1, 'hidden_size': 225.0, 'intermediate_size': 2371.0, 'loss_function': 2, 'mapfunction_1': 0, 'mapfunction_10': 0, 'mapfunction_11': 1.0, 'mapfunction_12': 8.0, 'mapfunction_2': 0, 'mapfunction_3': 3.0, 'mapfunction_4': 0, 'mapfunction_5': 0, 'mapfunction_6': 0, 'mapfunction_7': 10.0, 'mapfunction_8': 4.0, 'mapfunction_9': 4.0, 'max_sequence_length': 366.0, 'num_attention_heads': 1.0, 'num_hidden_layers': 5.0, 'position_embedding_type': 3, 'pred_learning_rate': 0.0001, 'tokenizer': 2, 'vocab_size': 30000.0}",23,0.5647742696587215,0.43522573034127854,0.00033354759216308594
"{'attention_probs_dropout_prob': 0.1, 'batch_size': 64, 'hid_epoches': 10.0, 'hid_learning_rate': 0.001, 'hidden_act': 1, 'hidden_dropout_prob': 0.1, 'hidden_size': 130.0, 'intermediate_size': 2355.0, 'loss_function': 2, 'mapfunction_1': 0, 'mapfunction_10': 0, 'mapfunction_11': 4.0, 'mapfunction_12': 8.0, 'mapfunction_2': 0, 'mapfunction_3': 3.0, 'mapfunction_4': 0, 'mapfunction_5': 0, 'mapfunction_6': 5.0, 'mapfunction_7': 10.0, 'mapfunction_8': 4.0, 'mapfunction_9': 4.0, 'max_sequence_length': 363.0, 'num_attention_heads': 1.0, 'num_hidden_layers': 5.0, 'position_embedding_type': 3, 'pred_learning_rate': 0.0001, 'tokenizer': 2, 'vocab_size': 19000.0}",24,0.5613452365924824,0.43865476340751763,0.00025653839111328125
"{'attention_probs_dropout_prob': 0.1, 'batch_size': 64, 'hid_epoches': 10.0, 'hid_learning_rate': 0.001, 'hidden_act': 1, 'hidden_dropout_prob': 0.1, 'hidden_size': 206.0, 'intermediate_size': 2472.0, 'loss_function': 1, 'mapfunction_1': 0, 'mapfunction_10': 0, 'mapfunction_11': 4.0, 'mapfunction_12': 8.0, 'mapfunction_2': 0, 'mapfunction_3': 2.0, 'mapfunction_4': 0, 'mapfunction_5': 0, 'mapfunction_6': 0, 'mapfunction_7': 5.0, 'mapfunction_8': 3.0, 'mapfunction_9': 1.0, 'max_sequence_length': 486.0, 'num_attention_heads': 1.0, 'num_hidden_layers': 6.0, 'position_embedding_type': 3, 'pred_learning_rate': 0.0001, 'tokenizer': 3, 'vocab_size': 40000.0}",25,0.5898436043206076,0.41015639567939244,0.0002410411834716797
"{'attention_probs_dropout_prob': 0.3, 'batch_size': 64, 'hid_epoches': 10.0, 'hid_learning_rate': 0.001, 'hidden_act': 3, 'hidden_dropout_prob': 0.5, 'hidden_size': 242.0, 'intermediate_size': 2560.0, 'loss_function': 1, 'mapfunction_1': 0, 'mapfunction_10': 0, 'mapfunction_11': 8.0, 'mapfunction_12': 8.0, 'mapfunction_2': 0, 'mapfunction_3': 4.0, 'mapfunction_4': 0, 'mapfunction_5': 0, 'mapfunction_6': 5.0, 'mapfunction_7': 0, 'mapfunction_8': 2.0, 'mapfunction_9': 2.0, 'max_sequence_length': 328.0, 'num_attention_heads': 1.0, 'num_hidden_layers': 4.0, 'position_embedding_type': 3, 'pred_learning_rate': 0.0001, 'tokenizer': 3, 'vocab_size': 20000.0}",30,0.5621218411823843,0.4378781588176157,0.0002448558807373047
"{'attention_probs_dropout_prob': 0.1, 'batch_size': 64, 'hid_epoches': 10.0, 'hid_learning_rate': 0.0001, 'hidden_act': 1, 'hidden_dropout_prob': 0.5, 'hidden_size': 178.0, 'intermediate_size': 2564.0, 'loss_function': 1, 'mapfunction_1': 0, 'mapfunction_10': 7.0, 'mapfunction_11': 0, 'mapfunction_12': 7.0, 'mapfunction_2': 0, 'mapfunction_3': 6.0, 'mapfunction_4': 12.0, 'mapfunction_5': 0, 'mapfunction_6': 12.0, 'mapfunction_7': 0, 'mapfunction_8': 8.0, 'mapfunction_9': 3.0, 'max_sequence_length': 442.0, 'num_attention_heads': 1.0, 'num_hidden_layers': 4.0, 'position_embedding_type': 3, 'pred_learning_rate': 5e-05, 'tokenizer': 2, 'vocab_size': 22000.0}",39,0.5875858310033968,0.4124141689966032,0.0003161430358886719
"{'attention_probs_dropout_prob': 0.1, 'batch_size': 16, 'hid_epoches': 9.0, 'hid_learning_rate': 0.0001, 'hidden_act': 4, 'hidden_dropout_prob': 0.5, 'hidden_size': 202.0, 'intermediate_size': 2525.0, 'loss_function': 1, 'mapfunction_1': 0, 'mapfunction_10': 0, 'mapfunction_11': 6.0, 'mapfunction_12': 5.0, 'mapfunction_2': 1.0, 'mapfunction_3': 8.0, 'mapfunction_4': 12.0, 'mapfunction_5': 0, 'mapfunction_6': 0, 'mapfunction_7': 0, 'mapfunction_8': 8.0, 'mapfunction_9': 1.0, 'max_sequence_length': 474.0, 'num_attention_heads': 1.0, 'num_hidden_layers': 2.0, 'position_embedding_type': 3, 'pred_learning_rate': 5e-05, 'tokenizer': 2, 'vocab_size': 21000.0}",40,0.5883301119797765,0.41166988802022353,0.0002779960632324219
"{'attention_probs_dropout_prob': 0.2, 'batch_size': 16, 'hid_epoches': 6.0, 'hid_learning_rate': 5e-05, 'hidden_act': 2, 'hidden_dropout_prob': 0.2, 'hidden_size': 139.0, 'intermediate_size': 2809.0, 'loss_function': 2, 'mapfunction_1': 0, 'mapfunction_10': 0, 'mapfunction_11': 2.0, 'mapfunction_12': 0, 'mapfunction_2': 4.0, 'mapfunction_3': 6.0, 'mapfunction_4': 7.0, 'mapfunction_5': 0, 'mapfunction_6': 0, 'mapfunction_7': 0, 'mapfunction_8': 0, 'mapfunction_9': 8.0, 'max_sequence_length': 392.0, 'num_attention_heads': 1.0, 'num_hidden_layers': 5.0, 'position_embedding_type': 3, 'pred_learning_rate': 0.001, 'tokenizer': 1, 'vocab_size': 31000.0}",53,0.574169622655234,0.42583037734476603,0.00036334991455078125
"{'attention_probs_dropout_prob': 0.1, 'batch_size': 64, 'hid_epoches': 10.0, 'hid_learning_rate': 0.0001, 'hidden_act': 1, 'hidden_dropout_prob': 0.5, 'hidden_size': 172.0, 'intermediate_size': 2555.0, 'loss_function': 1, 'mapfunction_1': 0, 'mapfunction_10': 7.0, 'mapfunction_11': 0, 'mapfunction_12': 7.0, 'mapfunction_2': 0, 'mapfunction_3': 9.0, 'mapfunction_4': 12.0, 'mapfunction_5': 0, 'mapfunction_6': 11.0, 'mapfunction_7': 0, 'mapfunction_8': 8.0, 'mapfunction_9': 3.0, 'max_sequence_length': 443.0, 'num_attention_heads': 1.0, 'num_hidden_layers': 4.0, 'position_embedding_type': 3, 'pred_learning_rate': 5e-05, 'tokenizer': 2, 'vocab_size': 21000.0}",66,0.5877608176526392,0.4122391823473608,0.0003142356872558594
"{'attention_probs_dropout_prob': 0.1, 'batch_size': 64, 'hid_epoches': 9.0, 'hid_learning_rate': 0.0001, 'hidden_act': 1, 'hidden_dropout_prob': 0.5, 'hidden_size': 167.0, 'intermediate_size': 2676.0, 'loss_function': 1, 'mapfunction_1': 0, 'mapfunction_10': 8.0, 'mapfunction_11': 0, 'mapfunction_12': 9.0, 'mapfunction_2': 0, 'mapfunction_3': 9.0, 'mapfunction_4': 11.0, 'mapfunction_5': 0, 'mapfunction_6': 10.0, 'mapfunction_7': 0, 'mapfunction_8': 7.0, 'mapfunction_9': 4.0, 'max_sequence_length': 431.0, 'num_attention_heads': 2.0, 'num_hidden_layers': 4.0, 'position_embedding_type': 3, 'pred_learning_rate': 5e-05, 'tokenizer': 2, 'vocab_size': 16000.0}",67,0.5899504588837762,0.4100495411162238,0.00027370452880859375
"{'attention_probs_dropout_prob': 0.5, 'batch_size': 64, 'hid_epoches': 9.0, 'hid_learning_rate': 0.001, 'hidden_act': 1, 'hidden_dropout_prob': 0.2, 'hidden_size': 233.0, 'intermediate_size': 1198.0, 'loss_function': 1, 'mapfunction_1': 0, 'mapfunction_10': 0, 'mapfunction_11': 3.0, 'mapfunction_12': 10.0, 'mapfunction_2': 0, 'mapfunction_3': 1.0, 'mapfunction_4': 0, 'mapfunction_5': 0, 'mapfunction_6': 0, 'mapfunction_7': 0, 'mapfunction_8': 7.0, 'mapfunction_9': 5.0, 'max_sequence_length': 422.0, 'num_attention_heads': 1.0, 'num_hidden_layers': 8.0, 'position_embedding_type': 3, 'pred_learning_rate': 0.0001, 'tokenizer': 2, 'vocab_size': 30000.0}",101,0.5484099911707214,0.4515900088292786,0.0004584789276123047
"{'attention_probs_dropout_prob': 0.2, 'batch_size': 32, 'hid_epoches': 13.0, 'hid_learning_rate': 5e-05, 'hidden_act': 4, 'hidden_dropout_prob': 0.5, 'hidden_size': 173.0, 'intermediate_size': 1483.0, 'loss_function': 1, 'mapfunction_1': 0, 'mapfunction_10': 3.0, 'mapfunction_11': 0, 'mapfunction_12': 8.0, 'mapfunction_2': 0, 'mapfunction_3': 6.0, 'mapfunction_4': 0, 'mapfunction_5': 0, 'mapfunction_6': 0, 'mapfunction_7': 0, 'mapfunction_8': 0, 'mapfunction_9': 2.0, 'max_sequence_length': 459.0, 'num_attention_heads': 2.0, 'num_hidden_layers': 4.0, 'position_embedding_type': 3, 'pred_learning_rate': 0.001, 'tokenizer': 3, 'vocab_size': 21000.0}",104,0.5650319981860292,0.4349680018139708,0.0003342628479003906
"{'attention_probs_dropout_prob': 0.1, 'batch_size': 16, 'hid_epoches': 10.0, 'hid_learning_rate': 0.0001, 'hidden_act': 1, 'hidden_dropout_prob': 0.5, 'hidden_size': 224.0, 'intermediate_size': 2730.0, 'loss_function': 1, 'mapfunction_1': 0, 'mapfunction_10': 0, 'mapfunction_11': 6.0, 'mapfunction_12': 9.0, 'mapfunction_2': 0, 'mapfunction_3': 3.0, 'mapfunction_4': 0, 'mapfunction_5': 0, 'mapfunction_6': 0, 'mapfunction_7': 0, 'mapfunction_8': 8.0, 'mapfunction_9': 1.0, 'max_sequence_length': 358.0, 'num_attention_heads': 1.0, 'num_hidden_layers': 3.0, 'position_embedding_type': 1, 'pred_learning_rate': 5e-05, 'tokenizer': 1, 'vocab_size': 14000.0}",106,0.5744817188658758,0.42551828113412415,0.00028443336486816406
"{'attention_probs_dropout_prob': 0.5, 'batch_size': 16, 'hid_epoches': 11.0, 'hid_learning_rate': 0.0001, 'hidden_act': 1, 'hidden_dropout_prob': 0.2, 'hidden_size': 211.0, 'intermediate_size': 1881.0, 'loss_function': 1, 'mapfunction_1': 0, 'mapfunction_10': 7.0, 'mapfunction_11': 0, 'mapfunction_12': 2.0, 'mapfunction_2': 0, 'mapfunction_3': 5.0, 'mapfunction_4': 0, 'mapfunction_5': 0, 'mapfunction_6': 0, 'mapfunction_7': 0, 'mapfunction_8': 0, 'mapfunction_9': 0, 'max_sequence_length': 474.0, 'num_attention_heads': 5.0, 'num_hidden_layers': 5.0, 'position_embedding_type': 3, 'pred_learning_rate': 5e-05, 'tokenizer': 4, 'vocab_size': 44000.0}",109,0.5750188024455958,0.4249811975544042,0.00034236907958984375
"{'attention_probs_dropout_prob': 0.1, 'batch_size': 16, 'hid_epoches': 12.0, 'hid_learning_rate': 0.0001, 'hidden_act': 3, 'hidden_dropout_prob': 0.4, 'hidden_size': 132.0, 'intermediate_size': 2452.0, 'loss_function': 1, 'mapfunction_1': 3.0, 'mapfunction_10': 9.0, 'mapfunction_11': 0, 'mapfunction_12': 11.0, 'mapfunction_2': 0, 'mapfunction_3': 6.0, 'mapfunction_4': 0, 'mapfunction_5': 4.0, 'mapfunction_6': 0, 'mapfunction_7': 0, 'mapfunction_8': 3.0, 'mapfunction_9': 0, 'max_sequence_length': 454.0, 'num_attention_heads': 2.0, 'num_hidden_layers': 4.0, 'position_embedding_type': 3, 'pred_learning_rate': 5e-05, 'tokenizer': 2, 'vocab_size': 12000.0}",119,0.591138776648144,0.40886122335185604,0.0003139972686767578
"{'attention_probs_dropout_prob': 0.4, 'batch_size': 16, 'hid_epoches': 13.0, 'hid_learning_rate': 0.001, 'hidden_act': 3, 'hidden_dropout_prob': 0.4, 'hidden_size': 119.0, 'intermediate_size': 2444.0, 'loss_function': 1, 'mapfunction_1': 5.0, 'mapfunction_10': 7.0, 'mapfunction_11': 0, 'mapfunction_12': 9.0, 'mapfunction_2': 0, 'mapfunction_3': 0, 'mapfunction_4': 0, 'mapfunction_5': 6.0, 'mapfunction_6': 0, 'mapfunction_7': 12.0, 'mapfunction_8': 2.0, 'mapfunction_9': 0, 'max_sequence_length': 398.0, 'num_attention_heads': 2.0, 'num_hidden_layers': 6.0, 'position_embedding_type': 3, 'pred_learning_rate': 0.001, 'tokenizer': 4, 'vocab_size': 1000.0}",124,0.5760548285815628,0.42394517141843724,0.0002734661102294922
"{'attention_probs_dropout_prob': 0.1, 'batch_size': 64, 'hid_epoches': 13.0, 'hid_learning_rate': 0.0001, 'hidden_act': 3, 'hidden_dropout_prob': 0.4, 'hidden_size': 80.0, 'intermediate_size': 2230.0, 'loss_function': 1, 'mapfunction_1': 1.0, 'mapfunction_10': 10.0, 'mapfunction_11': 0, 'mapfunction_12': 10.0, 'mapfunction_2': 0, 'mapfunction_3': 3.0, 'mapfunction_4': 0, 'mapfunction_5': 9.0, 'mapfunction_6': 0, 'mapfunction_7': 0, 'mapfunction_8': 4.0, 'mapfunction_9': 0, 'max_sequence_length': 491.0, 'num_attention_heads': 2.0, 'num_hidden_layers': 6.0, 'position_embedding_type': 2, 'pred_learning_rate': 5e-05, 'tokenizer': 2, 'vocab_size': 10000.0}",127,0.5900121972899963,0.4099878027100037,0.0002982616424560547
"{'attention_probs_dropout_prob': 0.1, 'batch_size': 64, 'hid_epoches': 12.0, 'hid_learning_rate': 0.0001, 'hidden_act': 3, 'hidden_dropout_prob': 0.4, 'hidden_size': 18.0, 'intermediate_size': 2885.0, 'loss_function': 1, 'mapfunction_1': 1.0, 'mapfunction_10': 10.0, 'mapfunction_11': 0, 'mapfunction_12': 10.0, 'mapfunction_2': 0, 'mapfunction_3': 3.0, 'mapfunction_4': 0, 'mapfunction_5': 9.0, 'mapfunction_6': 0, 'mapfunction_7': 0, 'mapfunction_8': 4.0, 'mapfunction_9': 0, 'max_sequence_length': 490.0, 'num_attention_heads': 4.0, 'num_hidden_layers': 4.0, 'position_embedding_type': 2, 'pred_learning_rate': 5e-05, 'tokenizer': 2, 'vocab_size': 9000.0}",128,0.6041079317522439,0.39589206824775613,0.00032973289489746094
"{'attention_probs_dropout_prob': 0.1, 'batch_size': 64, 'hid_epoches': 13.0, 'hid_learning_rate': 0.0001, 'hidden_act': 3, 'hidden_dropout_prob': 0.4, 'hidden_size': 29.0, 'intermediate_size': 2885.0, 'loss_function': 1, 'mapfunction_1': 1.0, 'mapfunction_10': 10.0, 'mapfunction_11': 0, 'mapfunction_12': 11.0, 'mapfunction_2': 0, 'mapfunction_3': 0, 'mapfunction_4': 0, 'mapfunction_5': 10.0, 'mapfunction_6': 0, 'mapfunction_7': 0, 'mapfunction_8': 3.0, 'mapfunction_9': 0, 'max_sequence_length': 507.0, 'num_attention_heads': 6.0, 'num_hidden_layers': 6.0, 'position_embedding_type': 2, 'pred_learning_rate': 5e-05, 'tokenizer': 2, 'vocab_size': 2000.0}",130,0.6090151134938375,0.3909848865061625,0.0002720355987548828
"{'attention_probs_dropout_prob': 0.3, 'batch_size': 16, 'hid_epoches': 13.0, 'hid_learning_rate': 0.0001, 'hidden_act': 3, 'hidden_dropout_prob': 0.4, 'hidden_size': 17.0, 'intermediate_size': 2558.0, 'loss_function': 1, 'mapfunction_1': 2.0, 'mapfunction_10': 9.0, 'mapfunction_11': 0, 'mapfunction_12': 0, 'mapfunction_2': 0, 'mapfunction_3': 0, 'mapfunction_4': 0, 'mapfunction_5': 7.0, 'mapfunction_6': 0, 'mapfunction_7': 0, 'mapfunction_8': 3.0, 'mapfunction_9': 0, 'max_sequence_length': 499.0, 'num_attention_heads': 5.0, 'num_hidden_layers': 5.0, 'position_embedding_type': 2, 'pred_learning_rate': 5e-05, 'tokenizer': 2, 'vocab_size': 14000.0}",137,0.5937597726055149,0.40624022739448507,0.00033593177795410156
"{'attention_probs_dropout_prob': 0.3, 'batch_size': 16, 'hid_epoches': 13.0, 'hid_learning_rate': 0.0001, 'hidden_act': 3, 'hidden_dropout_prob': 0.4, 'hidden_size': 29.0, 'intermediate_size': 3049.0, 'loss_function': 2, 'mapfunction_1': 3.0, 'mapfunction_10': 9.0, 'mapfunction_11': 0, 'mapfunction_12': 0, 'mapfunction_2': 0, 'mapfunction_3': 0, 'mapfunction_4': 0, 'mapfunction_5': 9.0, 'mapfunction_6': 0, 'mapfunction_7': 0, 'mapfunction_8': 2.0, 'mapfunction_9': 0, 'max_sequence_length': 496.0, 'num_attention_heads': 5.0, 'num_hidden_layers': 5.0, 'position_embedding_type': 2, 'pred_learning_rate': 5e-05, 'tokenizer': 2, 'vocab_size': 15000.0}",145,0.6052223909674008,0.3947776090325992,0.00033855438232421875
"{'attention_probs_dropout_prob': 0.3, 'batch_size': 16, 'hid_epoches': 13.0, 'hid_learning_rate': 0.0001, 'hidden_act': 3, 'hidden_dropout_prob': 0.4, 'hidden_size': 28.0, 'intermediate_size': 3066.0, 'loss_function': 2, 'mapfunction_1': 3.0, 'mapfunction_10': 9.0, 'mapfunction_11': 0, 'mapfunction_12': 0, 'mapfunction_2': 0, 'mapfunction_3': 0, 'mapfunction_4': 0, 'mapfunction_5': 9.0, 'mapfunction_6': 0, 'mapfunction_7': 0, 'mapfunction_8': 2.0, 'mapfunction_9': 0, 'max_sequence_length': 468.0, 'num_attention_heads': 5.0, 'num_hidden_layers': 5.0, 'position_embedding_type': 2, 'pred_learning_rate': 5e-05, 'tokenizer': 2, 'vocab_size': 14000.0}",146,0.5997089030674243,0.4002910969325757,0.00035071372985839844
"{'attention_probs_dropout_prob': 0.3, 'batch_size': 16, 'hid_epoches': 13.0, 'hid_learning_rate': 0.0001, 'hidden_act': 3, 'hidden_dropout_prob': 0.4, 'hidden_size': 25.0, 'intermediate_size': 3058.0, 'loss_function': 2, 'mapfunction_1': 3.0, 'mapfunction_10': 8.0, 'mapfunction_11': 0, 'mapfunction_12': 0, 'mapfunction_2': 0, 'mapfunction_3': 0, 'mapfunction_4': 0, 'mapfunction_5': 9.0, 'mapfunction_6': 0, 'mapfunction_7': 0, 'mapfunction_8': 1.0, 'mapfunction_9': 0, 'max_sequence_length': 495.0, 'num_attention_heads': 6.0, 'num_hidden_layers': 6.0, 'position_embedding_type': 2, 'pred_learning_rate': 5e-05, 'tokenizer': 2, 'vocab_size': 17000.0}",147,0.6043416808702439,0.39565831912975613,0.0002758502960205078
"{'attention_probs_dropout_prob': 0.3, 'batch_size': 16, 'hid_epoches': 13.0, 'hid_learning_rate': 0.0001, 'hidden_act': 3, 'hidden_dropout_prob': 0.4, 'hidden_size': 46.0, 'intermediate_size': 2914.0, 'loss_function': 2, 'mapfunction_1': 1.0, 'mapfunction_10': 8.0, 'mapfunction_11': 0, 'mapfunction_12': 0, 'mapfunction_2': 0, 'mapfunction_3': 0, 'mapfunction_4': 0, 'mapfunction_5': 9.0, 'mapfunction_6': 0, 'mapfunction_7': 0, 'mapfunction_8': 1.0, 'mapfunction_9': 0, 'max_sequence_length': 481.0, 'num_attention_heads': 6.0, 'num_hidden_layers': 6.0, 'position_embedding_type': 2, 'pred_learning_rate': 5e-05, 'tokenizer': 2, 'vocab_size': 18000.0}",150,0.598207726264619,0.40179227373538096,0.0002722740173339844
"{'attention_probs_dropout_prob': 0.4, 'batch_size': 64, 'hid_epoches': 12.0, 'hid_learning_rate': 0.0001, 'hidden_act': 2, 'hidden_dropout_prob': 0.3, 'hidden_size': 69.0, 'intermediate_size': 1133.0, 'loss_function': 2, 'mapfunction_1': 7.0, 'mapfunction_10': 8.0, 'mapfunction_11': 0, 'mapfunction_12': 0, 'mapfunction_2': 0, 'mapfunction_3': 0, 'mapfunction_4': 0, 'mapfunction_5': 12.0, 'mapfunction_6': 0, 'mapfunction_7': 0, 'mapfunction_8': 1.0, 'mapfunction_9': 0, 'max_sequence_length': 480.0, 'num_attention_heads': 5.0, 'num_hidden_layers': 5.0, 'position_embedding_type': 2, 'pred_learning_rate': 5e-05, 'tokenizer': 2, 'vocab_size': 3000.0}",160,0.5542352933116431,0.4457647066883569,0.00033783912658691406
"{'attention_probs_dropout_prob': 0.2, 'batch_size': 16, 'hid_epoches': 12.0, 'hid_learning_rate': 0.0001, 'hidden_act': 3, 'hidden_dropout_prob': 0.4, 'hidden_size': 26.0, 'intermediate_size': 2990.0, 'loss_function': 2, 'mapfunction_1': 2.0, 'mapfunction_10': 12.0, 'mapfunction_11': 0, 'mapfunction_12': 0, 'mapfunction_2': 0, 'mapfunction_3': 0, 'mapfunction_4': 0, 'mapfunction_5': 12.0, 'mapfunction_6': 0, 'mapfunction_7': 0, 'mapfunction_8': 0, 'mapfunction_9': 0, 'max_sequence_length': 502.0, 'num_attention_heads': 6.0, 'num_hidden_layers': 6.0, 'position_embedding_type': 2, 'pred_learning_rate': 5e-05, 'tokenizer': 2, 'vocab_size': 15000.0}",169,0.6051653450945942,0.3948346549054058,0.0003147125244140625
"{'attention_probs_dropout_prob': 0.2, 'batch_size': 16, 'hid_epoches': 11.0, 'hid_learning_rate': 0.0001, 'hidden_act': 3, 'hidden_dropout_prob': 0.4, 'hidden_size': 76.0, 'intermediate_size': 2726.0, 'loss_function': 2, 'mapfunction_1': 2.0, 'mapfunction_10': 12.0, 'mapfunction_11': 0, 'mapfunction_12': 0, 'mapfunction_2': 0, 'mapfunction_3': 0, 'mapfunction_4': 0, 'mapfunction_5': 12.0, 'mapfunction_6': 0, 'mapfunction_7': 0, 'mapfunction_8': 0, 'mapfunction_9': 0, 'max_sequence_length': 304.0, 'num_attention_heads': 8.0, 'num_hidden_layers': 8.0, 'position_embedding_type': 2, 'pred_learning_rate': 5e-05, 'tokenizer': 2, 'vocab_size': 21000.0}",171,0.5562966407909963,0.4437033592090037,0.00030040740966796875
"{'attention_probs_dropout_prob': 0.4, 'batch_size': 16, 'hid_epoches': 13.0, 'hid_learning_rate': 5e-05, 'hidden_act': 2, 'hidden_dropout_prob': 0.4, 'hidden_size': 44.0, 'intermediate_size': 2791.0, 'loss_function': 2, 'mapfunction_1': 1.0, 'mapfunction_10': 10.0, 'mapfunction_11': 0, 'mapfunction_12': 0, 'mapfunction_2': 0, 'mapfunction_3': 0, 'mapfunction_4': 0, 'mapfunction_5': 7.0, 'mapfunction_6': 0, 'mapfunction_7': 0, 'mapfunction_8': 0, 'mapfunction_9': 0, 'max_sequence_length': 357.0, 'num_attention_heads': 6.0, 'num_hidden_layers': 6.0, 'position_embedding_type': 2, 'pred_learning_rate': 0.001, 'tokenizer': 2, 'vocab_size': 22000.0}",182,0.568917038153477,0.43108296184652295,0.0003294944763183594
"{'attention_probs_dropout_prob': 0.5, 'batch_size': 16, 'hid_epoches': 12.0, 'hid_learning_rate': 0.0001, 'hidden_act': 3, 'hidden_dropout_prob': 0.2, 'hidden_size': 66.0, 'intermediate_size': 2923.0, 'loss_function': 2, 'mapfunction_1': 5.0, 'mapfunction_10': 9.0, 'mapfunction_11': 0, 'mapfunction_12': 0, 'mapfunction_2': 0, 'mapfunction_3': 0, 'mapfunction_4': 0, 'mapfunction_5': 8.0, 'mapfunction_6': 0, 'mapfunction_7': 0, 'mapfunction_8': 0, 'mapfunction_9': 0, 'max_sequence_length': 479.0, 'num_attention_heads': 8.0, 'num_hidden_layers': 8.0, 'position_embedding_type': 1, 'pred_learning_rate': 5e-05, 'tokenizer': 1, 'vocab_size': 19000.0}",184,0.598773423090343,0.401226576909657,0.00029969215393066406
"{'attention_probs_dropout_prob': 0.3, 'batch_size': 16, 'hid_epoches': 11.0, 'hid_learning_rate': 5e-05, 'hidden_act': 2, 'hidden_dropout_prob': 0.4, 'hidden_size': 55.0, 'intermediate_size': 2260.0, 'loss_function': 2, 'mapfunction_1': 4.0, 'mapfunction_10': 9.0, 'mapfunction_11': 0, 'mapfunction_12': 0, 'mapfunction_2': 0, 'mapfunction_3': 0, 'mapfunction_4': 0, 'mapfunction_5': 9.0, 'mapfunction_6': 0, 'mapfunction_7': 0, 'mapfunction_8': 0, 'mapfunction_9': 0, 'max_sequence_length': 497.0, 'num_attention_heads': 5.0, 'num_hidden_layers': 5.0, 'position_embedding_type': 2, 'pred_learning_rate': 0.001, 'tokenizer': 2, 'vocab_size': 27000.0}",188,0.5842864476467952,0.41571355235320484,0.0003008842468261719
"{'attention_probs_dropout_prob': 0.4, 'batch_size': 16, 'hid_epoches': 12.0, 'hid_learning_rate': 0.0001, 'hidden_act': 3, 'hidden_dropout_prob': 0.3, 'hidden_size': 35.0, 'intermediate_size': 2996.0, 'loss_function': 2, 'mapfunction_1': 2.0, 'mapfunction_10': 10.0, 'mapfunction_11': 0, 'mapfunction_12': 0, 'mapfunction_2': 0, 'mapfunction_3': 0, 'mapfunction_4': 0, 'mapfunction_5': 11.0, 'mapfunction_6': 0, 'mapfunction_7': 0, 'mapfunction_8': 0, 'mapfunction_9': 0, 'max_sequence_length': 391.0, 'num_attention_heads': 7.0, 'num_hidden_layers': 7.0, 'position_embedding_type': 2, 'pred_learning_rate': 5e-05, 'tokenizer': 2, 'vocab_size': 21000.0}",189,0.5801914819730244,0.4198085180269756,0.0002796649932861328
"{'attention_probs_dropout_prob': 0.5, 'batch_size': 16, 'hid_epoches': 5.0, 'hid_learning_rate': 0.0001, 'hidden_act': 3, 'hidden_dropout_prob': 0.4, 'hidden_size': 109.0, 'intermediate_size': 1817.0, 'loss_function': 2, 'mapfunction_1': 3.0, 'mapfunction_10': 8.0, 'mapfunction_11': 0, 'mapfunction_12': 0, 'mapfunction_2': 0, 'mapfunction_3': 0, 'mapfunction_4': 0, 'mapfunction_5': 8.0, 'mapfunction_6': 0, 'mapfunction_7': 0, 'mapfunction_8': 0, 'mapfunction_9': 0, 'max_sequence_length': 441.0, 'num_attention_heads': 6.0, 'num_hidden_layers': 6.0, 'position_embedding_type': 1, 'pred_learning_rate': 5e-05, 'tokenizer': 2, 'vocab_size': 12000.0}",190,0.5634151559000298,0.4365848440999702,0.0002593994140625
"{'attention_probs_dropout_prob': 0.2, 'batch_size': 32, 'hid_epoches': 13.0, 'hid_learning_rate': 0.0001, 'hidden_act': 3, 'hidden_dropout_prob': 0.4, 'hidden_size': 61.0, 'intermediate_size': 2730.0, 'loss_function': 2, 'mapfunction_1': 3.0, 'mapfunction_10': 11.0, 'mapfunction_11': 0, 'mapfunction_12': 0, 'mapfunction_2': 0, 'mapfunction_3': 0, 'mapfunction_4': 0, 'mapfunction_5': 7.0, 'mapfunction_6': 0, 'mapfunction_7': 0, 'mapfunction_8': 0, 'mapfunction_9': 0, 'max_sequence_length': 426.0, 'num_attention_heads': 8.0, 'num_hidden_layers': 8.0, 'position_embedding_type': 2, 'pred_learning_rate': 5e-05, 'tokenizer': 2, 'vocab_size': 10000.0}",192,0.5844976900533829,0.4155023099466171,0.00025773048400878906
"{'attention_probs_dropout_prob': 0.2, 'batch_size': 16, 'hid_epoches': 11.0, 'hid_learning_rate': 0.0001, 'hidden_act': 3, 'hidden_dropout_prob': 0.4, 'hidden_size': 99.0, 'intermediate_size': 2377.0, 'loss_function': 2, 'mapfunction_1': 11.0, 'mapfunction_10': 9.0, 'mapfunction_11': 0, 'mapfunction_12': 0, 'mapfunction_2': 0, 'mapfunction_3': 0, 'mapfunction_4': 0, 'mapfunction_5': 12.0, 'mapfunction_6': 0, 'mapfunction_7': 0, 'mapfunction_8': 5.0, 'mapfunction_9': 0, 'max_sequence_length': 508.0, 'num_attention_heads': 5.0, 'num_hidden_layers': 5.0, 'position_embedding_type': 2, 'pred_learning_rate': 5e-05, 'tokenizer': 4, 'vocab_size': 19000.0}",195,0.5918912258840141,0.4081087741159859,0.00030684471130371094
"{'attention_probs_dropout_prob': 0.3, 'batch_size': 16, 'hid_epoches': 13.0, 'hid_learning_rate': 0.0001, 'hidden_act': 3, 'hidden_dropout_prob': 0.4, 'hidden_size': 73.0, 'intermediate_size': 2455.0, 'loss_function': 2, 'mapfunction_1': 6.0, 'mapfunction_10': 12.0, 'mapfunction_11': 0, 'mapfunction_12': 0, 'mapfunction_2': 0, 'mapfunction_3': 0, 'mapfunction_4': 0, 'mapfunction_5': 9.0, 'mapfunction_6': 0, 'mapfunction_7': 0, 'mapfunction_8': 6.0, 'mapfunction_9': 0, 'max_sequence_length': 461.0, 'num_attention_heads': 7.0, 'num_hidden_layers': 7.0, 'position_embedding_type': 2, 'pred_learning_rate': 5e-05, 'tokenizer': 1, 'vocab_size': 7000.0}",198,0.5866324970971675,0.41336750290283253,0.0002903938293457031
"{'attention_probs_dropout_prob': 0.3, 'batch_size': 16, 'hid_epoches': 12.0, 'hid_learning_rate': 0.0001, 'hidden_act': 3, 'hidden_dropout_prob': 0.4, 'hidden_size': 34.0, 'intermediate_size': 2741.0, 'loss_function': 2, 'mapfunction_1': 3.0, 'mapfunction_10': 9.0, 'mapfunction_11': 0, 'mapfunction_12': 2.0, 'mapfunction_2': 0, 'mapfunction_3': 0, 'mapfunction_4': 0, 'mapfunction_5': 9.0, 'mapfunction_6': 0, 'mapfunction_7': 0, 'mapfunction_8': 3.0, 'mapfunction_9': 0, 'max_sequence_length': 473.0, 'num_attention_heads': 6.0, 'num_hidden_layers': 6.0, 'position_embedding_type': 2, 'pred_learning_rate': 5e-05, 'tokenizer': 2, 'vocab_size': 6000.0}",219,0.5945842404288806,0.4054157595711194,0.0002989768981933594
"{'attention_probs_dropout_prob': 0.2, 'batch_size': 16, 'hid_epoches': 13.0, 'hid_learning_rate': 0.0001, 'hidden_act': 2, 'hidden_dropout_prob': 0.4, 'hidden_size': 74.0, 'intermediate_size': 2568.0, 'loss_function': 2, 'mapfunction_1': 3.0, 'mapfunction_10': 8.0, 'mapfunction_11': 0, 'mapfunction_12': 0, 'mapfunction_2': 10.0, 'mapfunction_3': 0, 'mapfunction_4': 0, 'mapfunction_5': 11.0, 'mapfunction_6': 4.0, 'mapfunction_7': 0, 'mapfunction_8': 0, 'mapfunction_9': 0, 'max_sequence_length': 497.0, 'num_attention_heads': 5.0, 'num_hidden_layers': 5.0, 'position_embedding_type': 2, 'pred_learning_rate': 5e-05, 'tokenizer': 2, 'vocab_size': 38000.0}",223,0.5902346050907615,0.40976539490923847,0.0003426074981689453
"{'attention_probs_dropout_prob': 0.3, 'batch_size': 16, 'hid_epoches': 13.0, 'hid_learning_rate': 0.0001, 'hidden_act': 2, 'hidden_dropout_prob': 0.4, 'hidden_size': 21.0, 'intermediate_size': 2555.0, 'loss_function': 2, 'mapfunction_1': 4.0, 'mapfunction_10': 9.0, 'mapfunction_11': 0, 'mapfunction_12': 0, 'mapfunction_2': 0, 'mapfunction_3': 0, 'mapfunction_4': 0, 'mapfunction_5': 8.0, 'mapfunction_6': 0, 'mapfunction_7': 0, 'mapfunction_8': 2.0, 'mapfunction_9': 0, 'max_sequence_length': 511.0, 'num_attention_heads': 6.0, 'num_hidden_layers': 6.0, 'position_embedding_type': 2, 'pred_learning_rate': 5e-05, 'tokenizer': 1, 'vocab_size': 7000.0}",280,0.5970615230123472,0.40293847698765284,0.0003540515899658203
"{'attention_probs_dropout_prob': 0.5, 'batch_size': 32, 'hid_epoches': 12.0, 'hid_learning_rate': 0.0001, 'hidden_act': 3, 'hidden_dropout_prob': 0.4, 'hidden_size': 60.0, 'intermediate_size': 2997.0, 'loss_function': 1, 'mapfunction_1': 3.0, 'mapfunction_10': 0, 'mapfunction_11': 9.0, 'mapfunction_12': 12.0, 'mapfunction_2': 12.0, 'mapfunction_3': 0, 'mapfunction_4': 0, 'mapfunction_5': 9.0, 'mapfunction_6': 1.0, 'mapfunction_7': 0, 'mapfunction_8': 7.0, 'mapfunction_9': 0, 'max_sequence_length': 493.0, 'num_attention_heads': 4.0, 'num_hidden_layers': 4.0, 'position_embedding_type': 1, 'pred_learning_rate': 5e-05, 'tokenizer': 2, 'vocab_size': 10000.0}",282,0.6026770539670139,0.3973229460329861,0.0003485679626464844
"{'attention_probs_dropout_prob': 0.3, 'batch_size': 16, 'hid_epoches': 13.0, 'hid_learning_rate': 0.0001, 'hidden_act': 1, 'hidden_dropout_prob': 0.3, 'hidden_size': 48.0, 'intermediate_size': 2707.0, 'loss_function': 1, 'mapfunction_1': 2.0, 'mapfunction_10': 10.0, 'mapfunction_11': 0, 'mapfunction_12': 0, 'mapfunction_2': 0, 'mapfunction_3': 0, 'mapfunction_4': 0, 'mapfunction_5': 9.0, 'mapfunction_6': 0, 'mapfunction_7': 0, 'mapfunction_8': 6.0, 'mapfunction_9': 0, 'max_sequence_length': 322.0, 'num_attention_heads': 7.0, 'num_hidden_layers': 7.0, 'position_embedding_type': 2, 'pred_learning_rate': 5e-05, 'tokenizer': 2, 'vocab_size': 18000.0}",290,0.5598891005127795,0.4401108994872205,0.00038313865661621094
"{'attention_probs_dropout_prob': 0.1, 'batch_size': 16, 'hid_epoches': 12.0, 'hid_learning_rate': 0.0001, 'hidden_act': 4, 'hidden_dropout_prob': 0.4, 'hidden_size': 38.0, 'intermediate_size': 2817.0, 'loss_function': 1, 'mapfunction_1': 4.0, 'mapfunction_10': 9.0, 'mapfunction_11': 0, 'mapfunction_12': 9.0, 'mapfunction_2': 0, 'mapfunction_3': 0, 'mapfunction_4': 0, 'mapfunction_5': 8.0, 'mapfunction_6': 0, 'mapfunction_7': 0, 'mapfunction_8': 3.0, 'mapfunction_9': 0, 'max_sequence_length': 489.0, 'num_attention_heads': 6.0, 'num_hidden_layers': 6.0, 'position_embedding_type': 2, 'pred_learning_rate': 5e-05, 'tokenizer': 3, 'vocab_size': 6000.0}",292,0.6031986112354163,0.3968013887645837,0.0003554821014404297
"{'attention_probs_dropout_prob': 0.5, 'batch_size': 64, 'hid_epoches': 12.0, 'hid_learning_rate': 0.0001, 'hidden_act': 3, 'hidden_dropout_prob': 0.4, 'hidden_size': 16.0, 'intermediate_size': 1783.0, 'loss_function': 2, 'mapfunction_1': 3.0, 'mapfunction_10': 11.0, 'mapfunction_11': 0, 'mapfunction_12': 0, 'mapfunction_2': 0, 'mapfunction_3': 7.0, 'mapfunction_4': 0, 'mapfunction_5': 0, 'mapfunction_6': 0, 'mapfunction_7': 2.0, 'mapfunction_8': 0, 'mapfunction_9': 11.0, 'max_sequence_length': 422.0, 'num_attention_heads': 6.0, 'num_hidden_layers': 6.0, 'position_embedding_type': 2, 'pred_learning_rate': 5e-05, 'tokenizer': 2, 'vocab_size': 23000.0}",301,0.5594216204310548,0.4405783795689452,0.0003440380096435547
"{'attention_probs_dropout_prob': 0.1, 'batch_size': 64, 'hid_epoches': 13.0, 'hid_learning_rate': 5e-05, 'hidden_act': 3, 'hidden_dropout_prob': 0.4, 'hidden_size': 155.0, 'intermediate_size': 1198.0, 'loss_function': 1, 'mapfunction_1': 1.0, 'mapfunction_10': 12.0, 'mapfunction_11': 0, 'mapfunction_12': 0, 'mapfunction_2': 0, 'mapfunction_3': 0, 'mapfunction_4': 0, 'mapfunction_5': 12.0, 'mapfunction_6': 0, 'mapfunction_7': 0, 'mapfunction_8': 7.0, 'mapfunction_9': 0, 'max_sequence_length': 476.0, 'num_attention_heads': 2.0, 'num_hidden_layers': 6.0, 'position_embedding_type': 2, 'pred_learning_rate': 0.001, 'tokenizer': 1, 'vocab_size': 16000.0}",307,0.5582106269742826,0.4417893730257174,0.0003056526184082031
"{'attention_probs_dropout_prob': 0.4, 'batch_size': 64, 'hid_epoches': 6.0, 'hid_learning_rate': 0.0001, 'hidden_act': 3, 'hidden_dropout_prob': 0.5, 'hidden_size': 26.0, 'intermediate_size': 2531.0, 'loss_function': 1, 'mapfunction_1': 5.0, 'mapfunction_10': 0, 'mapfunction_11': 9.0, 'mapfunction_12': 9.0, 'mapfunction_2': 0, 'mapfunction_3': 0, 'mapfunction_4': 0, 'mapfunction_5': 5.0, 'mapfunction_6': 4.0, 'mapfunction_7': 0, 'mapfunction_8': 2.0, 'mapfunction_9': 0, 'max_sequence_length': 471.0, 'num_attention_heads': 3.0, 'num_hidden_layers': 3.0, 'position_embedding_type': 2, 'pred_learning_rate': 5e-05, 'tokenizer': 2, 'vocab_size': 5000.0}",309,0.584799000875441,0.415200999124559,0.000274658203125
"{'attention_probs_dropout_prob': 0.3, 'batch_size': 16, 'hid_epoches': 13.0, 'hid_learning_rate': 0.0001, 'hidden_act': 4, 'hidden_dropout_prob': 0.3, 'hidden_size': 24.0, 'intermediate_size': 2919.0, 'loss_function': 2, 'mapfunction_1': 2.0, 'mapfunction_10': 10.0, 'mapfunction_11': 0, 'mapfunction_12': 11.0, 'mapfunction_2': 0, 'mapfunction_3': 0, 'mapfunction_4': 0, 'mapfunction_5': 8.0, 'mapfunction_6': 0, 'mapfunction_7': 0, 'mapfunction_8': 3.0, 'mapfunction_9': 0, 'max_sequence_length': 506.0, 'num_attention_heads': 3.0, 'num_hidden_layers': 3.0, 'position_embedding_type': 2, 'pred_learning_rate': 5e-05, 'tokenizer': 4, 'vocab_size': 25000.0}",320,0.6078917454902452,0.39210825450975484,0.00031757354736328125
"{'attention_probs_dropout_prob': 0.3, 'batch_size': 16, 'hid_epoches': 13.0, 'hid_learning_rate': 0.0001, 'hidden_act': 4, 'hidden_dropout_prob': 0.3, 'hidden_size': 119.0, 'intermediate_size': 2653.0, 'loss_function': 2, 'mapfunction_1': 3.0, 'mapfunction_10': 0, 'mapfunction_11': 11.0, 'mapfunction_12': 0, 'mapfunction_2': 0, 'mapfunction_3': 0, 'mapfunction_4': 0, 'mapfunction_5': 6.0, 'mapfunction_6': 0, 'mapfunction_7': 1.0, 'mapfunction_8': 0, 'mapfunction_9': 0, 'max_sequence_length': 502.0, 'num_attention_heads': 1.0, 'num_hidden_layers': 1.0, 'position_embedding_type': 3, 'pred_learning_rate': 5e-05, 'tokenizer': 4, 'vocab_size': 25000.0}",323,0.5920220739827019,0.4079779260172981,0.00030803680419921875
"{'attention_probs_dropout_prob': 0.3, 'batch_size': 16, 'hid_epoches': 13.0, 'hid_learning_rate': 0.0001, 'hidden_act': 4, 'hidden_dropout_prob': 0.3, 'hidden_size': 47.0, 'intermediate_size': 2946.0, 'loss_function': 2, 'mapfunction_1': 3.0, 'mapfunction_10': 9.0, 'mapfunction_11': 0, 'mapfunction_12': 12.0, 'mapfunction_2': 0, 'mapfunction_3': 0, 'mapfunction_4': 0, 'mapfunction_5': 7.0, 'mapfunction_6': 0, 'mapfunction_7': 0, 'mapfunction_8': 0, 'mapfunction_9': 0, 'max_sequence_length': 492.0, 'num_attention_heads': 2.0, 'num_hidden_layers': 8.0, 'position_embedding_type': 2, 'pred_learning_rate': 5e-05, 'tokenizer': 4, 'vocab_size': 27000.0}",326,0.6062265292894418,0.39377347071055824,0.0002982616424560547
"{'attention_probs_dropout_prob': 0.3, 'batch_size': 16, 'hid_epoches': 13.0, 'hid_learning_rate': 0.0001, 'hidden_act': 4, 'hidden_dropout_prob': 0.3, 'hidden_size': 93.0, 'intermediate_size': 2569.0, 'loss_function': 2, 'mapfunction_1': 2.0, 'mapfunction_10': 12.0, 'mapfunction_11': 0, 'mapfunction_12': 12.0, 'mapfunction_2': 0, 'mapfunction_3': 0, 'mapfunction_4': 0, 'mapfunction_5': 6.0, 'mapfunction_6': 0, 'mapfunction_7': 0, 'mapfunction_8': 0, 'mapfunction_9': 0, 'max_sequence_length': 489.0, 'num_attention_heads': 1.0, 'num_hidden_layers': 10.0, 'position_embedding_type': 1, 'pred_learning_rate': 5e-05, 'tokenizer': 4, 'vocab_size': 28000.0}",328,0.5989025775014074,0.4010974224985926,0.00028061866760253906
"{'attention_probs_dropout_prob': 0.3, 'batch_size': 16, 'hid_epoches': 13.0, 'hid_learning_rate': 5e-05, 'hidden_act': 4, 'hidden_dropout_prob': 0.3, 'hidden_size': 79.0, 'intermediate_size': 2375.0, 'loss_function': 2, 'mapfunction_1': 2.0, 'mapfunction_10': 10.0, 'mapfunction_11': 0, 'mapfunction_12': 11.0, 'mapfunction_2': 0, 'mapfunction_3': 0, 'mapfunction_4': 7.0, 'mapfunction_5': 7.0, 'mapfunction_6': 0, 'mapfunction_7': 0, 'mapfunction_8': 0, 'mapfunction_9': 0, 'max_sequence_length': 507.0, 'num_attention_heads': 1.0, 'num_hidden_layers': 1.0, 'position_embedding_type': 2, 'pred_learning_rate': 0.001, 'tokenizer': 4, 'vocab_size': 32000.0}",332,0.5934554290929154,0.4065445709070846,0.00031447410583496094
"{'attention_probs_dropout_prob': 0.3, 'batch_size': 16, 'hid_epoches': 12.0, 'hid_learning_rate': 0.0001, 'hidden_act': 4, 'hidden_dropout_prob': 0.3, 'hidden_size': 37.0, 'intermediate_size': 2619.0, 'loss_function': 2, 'mapfunction_1': 6.0, 'mapfunction_10': 3.0, 'mapfunction_11': 0, 'mapfunction_12': 12.0, 'mapfunction_2': 0, 'mapfunction_3': 0, 'mapfunction_4': 0, 'mapfunction_5': 0, 'mapfunction_6': 0, 'mapfunction_7': 0, 'mapfunction_8': 0, 'mapfunction_9': 8.0, 'max_sequence_length': 475.0, 'num_attention_heads': 1.0, 'num_hidden_layers': 8.0, 'position_embedding_type': 1, 'pred_learning_rate': 5e-05, 'tokenizer': 4, 'vocab_size': 30000.0}",336,0.5936296179672035,0.4063703820327965,0.0003638267517089844
"{'attention_probs_dropout_prob': 0.3, 'batch_size': 16, 'hid_epoches': 13.0, 'hid_learning_rate': 5e-05, 'hidden_act': 4, 'hidden_dropout_prob': 0.3, 'hidden_size': 55.0, 'intermediate_size': 3068.0, 'loss_function': 2, 'mapfunction_1': 3.0, 'mapfunction_10': 9.0, 'mapfunction_11': 0, 'mapfunction_12': 9.0, 'mapfunction_2': 0, 'mapfunction_3': 0, 'mapfunction_4': 0, 'mapfunction_5': 7.0, 'mapfunction_6': 0, 'mapfunction_7': 0, 'mapfunction_8': 0, 'mapfunction_9': 0, 'max_sequence_length': 263.0, 'num_attention_heads': 1.0, 'num_hidden_layers': 8.0, 'position_embedding_type': 3, 'pred_learning_rate': 0.001, 'tokenizer': 4, 'vocab_size': 26000.0}",340,0.5590837517118948,0.44091624828810516,0.00031757354736328125
"{'attention_probs_dropout_prob': 0.2, 'batch_size': 16, 'hid_epoches': 7.0, 'hid_learning_rate': 0.0001, 'hidden_act': 4, 'hidden_dropout_prob': 0.3, 'hidden_size': 72.0, 'intermediate_size': 1465.0, 'loss_function': 2, 'mapfunction_1': 2.0, 'mapfunction_10': 11.0, 'mapfunction_11': 0, 'mapfunction_12': 11.0, 'mapfunction_2': 0, 'mapfunction_3': 0, 'mapfunction_4': 0, 'mapfunction_5': 6.0, 'mapfunction_6': 0, 'mapfunction_7': 0, 'mapfunction_8': 0, 'mapfunction_9': 0, 'max_sequence_length': 449.0, 'num_attention_heads': 2.0, 'num_hidden_layers': 8.0, 'position_embedding_type': 2, 'pred_learning_rate': 5e-05, 'tokenizer': 4, 'vocab_size': 43000.0}",341,0.557762714285418,0.442237285714582,0.00035762786865234375
"{'attention_probs_dropout_prob': 0.3, 'batch_size': 16, 'hid_epoches': 11.0, 'hid_learning_rate': 5e-05, 'hidden_act': 4, 'hidden_dropout_prob': 0.3, 'hidden_size': 77.0, 'intermediate_size': 2572.0, 'loss_function': 2, 'mapfunction_1': 1.0, 'mapfunction_10': 10.0, 'mapfunction_11': 0, 'mapfunction_12': 11.0, 'mapfunction_2': 0, 'mapfunction_3': 0, 'mapfunction_4': 0, 'mapfunction_5': 8.0, 'mapfunction_6': 0, 'mapfunction_7': 0, 'mapfunction_8': 0, 'mapfunction_9': 0, 'max_sequence_length': 443.0, 'num_attention_heads': 1.0, 'num_hidden_layers': 9.0, 'position_embedding_type': 3, 'pred_learning_rate': 5e-05, 'tokenizer': 4, 'vocab_size': 31000.0}",348,0.5861432329650069,0.4138567670349931,0.0003223419189453125
"{'attention_probs_dropout_prob': 0.3, 'batch_size': 16, 'hid_epoches': 6.0, 'hid_learning_rate': 0.001, 'hidden_act': 4, 'hidden_dropout_prob': 0.3, 'hidden_size': 63.0, 'intermediate_size': 2677.0, 'loss_function': 2, 'mapfunction_1': 1.0, 'mapfunction_10': 0, 'mapfunction_11': 2.0, 'mapfunction_12': 8.0, 'mapfunction_2': 0, 'mapfunction_3': 0, 'mapfunction_4': 0, 'mapfunction_5': 7.0, 'mapfunction_6': 9.0, 'mapfunction_7': 0, 'mapfunction_8': 0, 'mapfunction_9': 0, 'max_sequence_length': 276.0, 'num_attention_heads': 1.0, 'num_hidden_layers': 7.0, 'position_embedding_type': 1, 'pred_learning_rate': 0.0001, 'tokenizer': 4, 'vocab_size': 28000.0}",352,0.5470398368940678,0.45296016310593223,0.00031566619873046875
"{'attention_probs_dropout_prob': 0.4, 'batch_size': 16, 'hid_epoches': 11.0, 'hid_learning_rate': 0.001, 'hidden_act': 1, 'hidden_dropout_prob': 0.3, 'hidden_size': 29.0, 'intermediate_size': 2507.0, 'loss_function': 2, 'mapfunction_1': 4.0, 'mapfunction_10': 10.0, 'mapfunction_11': 0, 'mapfunction_12': 12.0, 'mapfunction_2': 5.0, 'mapfunction_3': 0, 'mapfunction_4': 4.0, 'mapfunction_5': 12.0, 'mapfunction_6': 0, 'mapfunction_7': 0, 'mapfunction_8': 0, 'mapfunction_9': 0, 'max_sequence_length': 464.0, 'num_attention_heads': 2.0, 'num_hidden_layers': 2.0, 'position_embedding_type': 1, 'pred_learning_rate': 0.0001, 'tokenizer': 1, 'vocab_size': 26000.0}",360,0.5859226072628763,0.41407739273712374,0.00036263465881347656
"{'attention_probs_dropout_prob': 0.2, 'batch_size': 16, 'hid_epoches': 13.0, 'hid_learning_rate': 0.0001, 'hidden_act': 2, 'hidden_dropout_prob': 0.5, 'hidden_size': 83.0, 'intermediate_size': 2188.0, 'loss_function': 2, 'mapfunction_1': 3.0, 'mapfunction_10': 12.0, 'mapfunction_11': 0, 'mapfunction_12': 4.0, 'mapfunction_2': 0, 'mapfunction_3': 0, 'mapfunction_4': 0, 'mapfunction_5': 5.0, 'mapfunction_6': 0, 'mapfunction_7': 0, 'mapfunction_8': 0, 'mapfunction_9': 0, 'max_sequence_length': 504.0, 'num_attention_heads': 1.0, 'num_hidden_layers': 3.0, 'position_embedding_type': 3, 'pred_learning_rate': 5e-05, 'tokenizer': 4, 'vocab_size': 24000.0}",364,0.5896287895085114,0.4103712104914886,0.0003173351287841797
"{'attention_probs_dropout_prob': 0.3, 'batch_size': 16, 'hid_epoches': 13.0, 'hid_learning_rate': 0.0001, 'hidden_act': 4, 'hidden_dropout_prob': 0.3, 'hidden_size': 23.0, 'intermediate_size': 2940.0, 'loss_function': 2, 'mapfunction_1': 1.0, 'mapfunction_10': 0, 'mapfunction_11': 7.0, 'mapfunction_12': 10.0, 'mapfunction_2': 0, 'mapfunction_3': 0, 'mapfunction_4': 0, 'mapfunction_5': 3.0, 'mapfunction_6': 12.0, 'mapfunction_7': 8.0, 'mapfunction_8': 0, 'mapfunction_9': 0, 'max_sequence_length': 480.0, 'num_attention_heads': 3.0, 'num_hidden_layers': 6.0, 'position_embedding_type': 2, 'pred_learning_rate': 5e-05, 'tokenizer': 4, 'vocab_size': 27000.0}",366,0.5975697920186032,0.40243020798139684,0.0003101825714111328
"{'attention_probs_dropout_prob': 0.4, 'batch_size': 16, 'hid_epoches': 12.0, 'hid_learning_rate': 0.001, 'hidden_act': 2, 'hidden_dropout_prob': 0.2, 'hidden_size': 34.0, 'intermediate_size': 2790.0, 'loss_function': 2, 'mapfunction_1': 5.0, 'mapfunction_10': 10.0, 'mapfunction_11': 0, 'mapfunction_12': 12.0, 'mapfunction_2': 0, 'mapfunction_3': 0, 'mapfunction_4': 0, 'mapfunction_5': 12.0, 'mapfunction_6': 0, 'mapfunction_7': 0, 'mapfunction_8': 0, 'mapfunction_9': 0, 'max_sequence_length': 507.0, 'num_attention_heads': 4.0, 'num_hidden_layers': 8.0, 'position_embedding_type': 1, 'pred_learning_rate': 0.0001, 'tokenizer': 1, 'vocab_size': 29000.0}",368,0.6037968496271576,0.39620315037284237,0.0002930164337158203
"{'attention_probs_dropout_prob': 0.5, 'batch_size': 16, 'hid_epoches': 13.0, 'hid_learning_rate': 5e-05, 'hidden_act': 1, 'hidden_dropout_prob': 0.5, 'hidden_size': 31.0, 'intermediate_size': 2638.0, 'loss_function': 2, 'mapfunction_1': 4.0, 'mapfunction_10': 4.0, 'mapfunction_11': 0, 'mapfunction_12': 4.0, 'mapfunction_2': 0, 'mapfunction_3': 0, 'mapfunction_4': 0, 'mapfunction_5': 10.0, 'mapfunction_6': 0, 'mapfunction_7': 0, 'mapfunction_8': 9.0, 'mapfunction_9': 0, 'max_sequence_length': 491.0, 'num_attention_heads': 2.0, 'num_hidden_layers': 2.0, 'position_embedding_type': 2, 'pred_learning_rate': 0.001, 'tokenizer': 4, 'vocab_size': 21000.0}",389,0.593100305096024,0.40689969490397604,0.00036263465881347656
"{'attention_probs_dropout_prob': 0.4, 'batch_size': 16, 'hid_epoches': 13.0, 'hid_learning_rate': 0.0001, 'hidden_act': 2, 'hidden_dropout_prob': 0.5, 'hidden_size': 199.0, 'intermediate_size': 1663.0, 'loss_function': 2, 'mapfunction_1': 0, 'mapfunction_10': 0, 'mapfunction_11': 6.0, 'mapfunction_12': 9.0, 'mapfunction_2': 0, 'mapfunction_3': 0, 'mapfunction_4': 0, 'mapfunction_5': 9.0, 'mapfunction_6': 11.0, 'mapfunction_7': 12.0, 'mapfunction_8': 4.0, 'mapfunction_9': 0, 'max_sequence_length': 376.0, 'num_attention_heads': 2.0, 'num_hidden_layers': 6.0, 'position_embedding_type': 2, 'pred_learning_rate': 5e-05, 'tokenizer': 4, 'vocab_size': 34000.0}",394,0.5459216605444378,0.4540783394555622,0.0003075599670410156
"{'attention_probs_dropout_prob': 0.3, 'batch_size': 32, 'hid_epoches': 11.0, 'hid_learning_rate': 5e-05, 'hidden_act': 3, 'hidden_dropout_prob': 0.3, 'hidden_size': 160.0, 'intermediate_size': 3070.0, 'loss_function': 2, 'mapfunction_1': 4.0, 'mapfunction_10': 8.0, 'mapfunction_11': 0, 'mapfunction_12': 0, 'mapfunction_2': 0, 'mapfunction_3': 0, 'mapfunction_4': 0, 'mapfunction_5': 7.0, 'mapfunction_6': 0, 'mapfunction_7': 0, 'mapfunction_8': 0, 'mapfunction_9': 0, 'max_sequence_length': 442.0, 'num_attention_heads': 1.0, 'num_hidden_layers': 6.0, 'position_embedding_type': 2, 'pred_learning_rate': 0.001, 'tokenizer': 4, 'vocab_size': 30000.0}",397,0.595668655098478,0.404331344901522,0.0003628730773925781
"{'attention_probs_dropout_prob': 0.3, 'batch_size': 16, 'hid_epoches': 13.0, 'hid_learning_rate': 0.0001, 'hidden_act': 3, 'hidden_dropout_prob': 0.4, 'hidden_size': 26.0, 'intermediate_size': 2979.0, 'loss_function': 2, 'mapfunction_1': 3.0, 'mapfunction_10': 8.0, 'mapfunction_11': 0, 'mapfunction_12': 0, 'mapfunction_2': 0, 'mapfunction_3': 0, 'mapfunction_4': 0, 'mapfunction_5': 9.0, 'mapfunction_6': 0, 'mapfunction_7': 0, 'mapfunction_8': 1.0, 'mapfunction_9': 0, 'max_sequence_length': 497.0, 'num_attention_heads': 6.0, 'num_hidden_layers': 6.0, 'position_embedding_type': 2, 'pred_learning_rate': 5e-05, 'tokenizer': 2, 'vocab_size': 17000.0}",402,0.6028179150905059,0.39718208490949414,0.0003387928009033203
"{'attention_probs_dropout_prob': 0.3, 'batch_size': 16, 'hid_epoches': 13.0, 'hid_learning_rate': 0.0001, 'hidden_act': 3, 'hidden_dropout_prob': 0.4, 'hidden_size': 22.0, 'intermediate_size': 3067.0, 'loss_function': 2, 'mapfunction_1': 3.0, 'mapfunction_10': 8.0, 'mapfunction_11': 0, 'mapfunction_12': 0, 'mapfunction_2': 0, 'mapfunction_3': 0, 'mapfunction_4': 0, 'mapfunction_5': 9.0, 'mapfunction_6': 0, 'mapfunction_7': 0, 'mapfunction_8': 2.0, 'mapfunction_9': 0, 'max_sequence_length': 492.0, 'num_attention_heads': 6.0, 'num_hidden_layers': 6.0, 'position_embedding_type': 2, 'pred_learning_rate': 5e-05, 'tokenizer': 2, 'vocab_size': 18000.0}",403,0.603754294872353,0.396245705127647,0.00028777122497558594
"{'attention_probs_dropout_prob': 0.3, 'batch_size': 16, 'hid_epoches': 13.0, 'hid_learning_rate': 0.0001, 'hidden_act': 3, 'hidden_dropout_prob': 0.4, 'hidden_size': 45.0, 'intermediate_size': 3013.0, 'loss_function': 2, 'mapfunction_1': 4.0, 'mapfunction_10': 7.0, 'mapfunction_11': 0, 'mapfunction_12': 0, 'mapfunction_2': 0, 'mapfunction_3': 0, 'mapfunction_4': 0, 'mapfunction_5': 9.0, 'mapfunction_6': 0, 'mapfunction_7': 0, 'mapfunction_8': 2.0, 'mapfunction_9': 0, 'max_sequence_length': 502.0, 'num_attention_heads': 7.0, 'num_hidden_layers': 7.0, 'position_embedding_type': 2, 'pred_learning_rate': 5e-05, 'tokenizer': 2, 'vocab_size': 22000.0}",409,0.6043162544210512,0.3956837455789488,0.0003056526184082031
"{'attention_probs_dropout_prob': 0.3, 'batch_size': 16, 'hid_epoches': 13.0, 'hid_learning_rate': 0.0001, 'hidden_act': 3, 'hidden_dropout_prob': 0.4, 'hidden_size': 36.0, 'intermediate_size': 2708.0, 'loss_function': 2, 'mapfunction_1': 2.0, 'mapfunction_10': 9.0, 'mapfunction_11': 0, 'mapfunction_12': 0, 'mapfunction_2': 0, 'mapfunction_3': 0, 'mapfunction_4': 0, 'mapfunction_5': 10.0, 'mapfunction_6': 0, 'mapfunction_7': 0, 'mapfunction_8': 3.0, 'mapfunction_9': 0, 'max_sequence_length': 495.0, 'num_attention_heads': 5.0, 'num_hidden_layers': 5.0, 'position_embedding_type': 2, 'pred_learning_rate': 5e-05, 'tokenizer': 2, 'vocab_size': 15000.0}",411,0.5964939001494606,0.4035060998505394,0.00038504600524902344
"{'attention_probs_dropout_prob': 0.3, 'batch_size': 16, 'hid_epoches': 13.0, 'hid_learning_rate': 0.0001, 'hidden_act': 3, 'hidden_dropout_prob': 0.4, 'hidden_size': 28.0, 'intermediate_size': 2653.0, 'loss_function': 2, 'mapfunction_1': 1.0, 'mapfunction_10': 10.0, 'mapfunction_11': 0, 'mapfunction_12': 0, 'mapfunction_2': 0, 'mapfunction_3': 0, 'mapfunction_4': 0, 'mapfunction_5': 10.0, 'mapfunction_6': 0, 'mapfunction_7': 0, 'mapfunction_8': 1.0, 'mapfunction_9': 0, 'max_sequence_length': 511.0, 'num_attention_heads': 5.0, 'num_hidden_layers': 5.0, 'position_embedding_type': 2, 'pred_learning_rate': 5e-05, 'tokenizer': 2, 'vocab_size': 20000.0}",414,0.5978928554576355,0.4021071445423645,0.0003867149353027344
"{'attention_probs_dropout_prob': 0.3, 'batch_size': 16, 'hid_epoches': 13.0, 'hid_learning_rate': 0.0001, 'hidden_act': 3, 'hidden_dropout_prob': 0.4, 'hidden_size': 16.0, 'intermediate_size': 2940.0, 'loss_function': 2, 'mapfunction_1': 2.0, 'mapfunction_10': 9.0, 'mapfunction_11': 0, 'mapfunction_12': 0, 'mapfunction_2': 0, 'mapfunction_3': 0, 'mapfunction_4': 0, 'mapfunction_5': 9.0, 'mapfunction_6': 0, 'mapfunction_7': 0, 'mapfunction_8': 2.0, 'mapfunction_9': 0, 'max_sequence_length': 477.0, 'num_attention_heads': 6.0, 'num_hidden_layers': 6.0, 'position_embedding_type': 2, 'pred_learning_rate': 5e-05, 'tokenizer': 2, 'vocab_size': 21000.0}",415,0.5971171518318943,0.4028828481681057,0.0003604888916015625
"{'attention_probs_dropout_prob': 0.3, 'batch_size': 64, 'hid_epoches': 12.0, 'hid_learning_rate': 5e-05, 'hidden_act': 3, 'hidden_dropout_prob': 0.4, 'hidden_size': 63.0, 'intermediate_size': 3069.0, 'loss_function': 2, 'mapfunction_1': 3.0, 'mapfunction_10': 7.0, 'mapfunction_11': 0, 'mapfunction_12': 0, 'mapfunction_2': 4.0, 'mapfunction_3': 0, 'mapfunction_4': 5.0, 'mapfunction_5': 7.0, 'mapfunction_6': 0, 'mapfunction_7': 0, 'mapfunction_8': 0, 'mapfunction_9': 0, 'max_sequence_length': 460.0, 'num_attention_heads': 7.0, 'num_hidden_layers': 7.0, 'position_embedding_type': 2, 'pred_learning_rate': 0.001, 'tokenizer': 2, 'vocab_size': 13000.0}",431,0.5959324516624382,0.40406754833756175,0.0003845691680908203
"{'attention_probs_dropout_prob': 0.2, 'batch_size': 16, 'hid_epoches': 13.0, 'hid_learning_rate': 0.0001, 'hidden_act': 3, 'hidden_dropout_prob': 0.4, 'hidden_size': 23.0, 'intermediate_size': 2957.0, 'loss_function': 1, 'mapfunction_1': 3.0, 'mapfunction_10': 0, 'mapfunction_11': 11.0, 'mapfunction_12': 11.0, 'mapfunction_2': 0, 'mapfunction_3': 0, 'mapfunction_4': 0, 'mapfunction_5': 6.0, 'mapfunction_6': 8.0, 'mapfunction_7': 0, 'mapfunction_8': 0, 'mapfunction_9': 0, 'max_sequence_length': 498.0, 'num_attention_heads': 1.0, 'num_hidden_layers': 5.0, 'position_embedding_type': 2, 'pred_learning_rate': 5e-05, 'tokenizer': 3, 'vocab_size': 20000.0}",438,0.6020771113541281,0.3979228886458719,0.0003268718719482422
"{'attention_probs_dropout_prob': 0.2, 'batch_size': 16, 'hid_epoches': 12.0, 'hid_learning_rate': 0.0001, 'hidden_act': 3, 'hidden_dropout_prob': 0.2, 'hidden_size': 236.0, 'intermediate_size': 2760.0, 'loss_function': 1, 'mapfunction_1': 2.0, 'mapfunction_10': 7.0, 'mapfunction_11': 0, 'mapfunction_12': 0, 'mapfunction_2': 0, 'mapfunction_3': 0, 'mapfunction_4': 0, 'mapfunction_5': 9.0, 'mapfunction_6': 0, 'mapfunction_7': 0, 'mapfunction_8': 2.0, 'mapfunction_9': 0, 'max_sequence_length': 512.0, 'num_attention_heads': 6.0, 'num_hidden_layers': 6.0, 'position_embedding_type': 2, 'pred_learning_rate': 5e-05, 'tokenizer': 4, 'vocab_size': 19000.0}",442,0.6064483992835222,0.39355160071647777,0.00031638145446777344
"{'attention_probs_dropout_prob': 0.2, 'batch_size': 16, 'hid_epoches': 11.0, 'hid_learning_rate': 0.0001, 'hidden_act': 4, 'hidden_dropout_prob': 0.2, 'hidden_size': 195.0, 'intermediate_size': 2437.0, 'loss_function': 1, 'mapfunction_1': 1.0, 'mapfunction_10': 0, 'mapfunction_11': 12.0, 'mapfunction_12': 10.0, 'mapfunction_2': 0, 'mapfunction_3': 0, 'mapfunction_4': 0, 'mapfunction_5': 10.0, 'mapfunction_6': 9.0, 'mapfunction_7': 7.0, 'mapfunction_8': 5.0, 'mapfunction_9': 0, 'max_sequence_length': 512.0, 'num_attention_heads': 3.0, 'num_hidden_layers': 3.0, 'position_embedding_type': 2, 'pred_learning_rate': 5e-05, 'tokenizer': 4, 'vocab_size': 27000.0}",446,0.5940611175990186,0.4059388824009814,0.0003120899200439453
"{'attention_probs_dropout_prob': 0.2, 'batch_size': 16, 'hid_epoches': 12.0, 'hid_learning_rate': 0.0001, 'hidden_act': 3, 'hidden_dropout_prob': 0.2, 'hidden_size': 254.0, 'intermediate_size': 2605.0, 'loss_function': 1, 'mapfunction_1': 2.0, 'mapfunction_10': 5.0, 'mapfunction_11': 0, 'mapfunction_12': 11.0, 'mapfunction_2': 0, 'mapfunction_3': 0, 'mapfunction_4': 0, 'mapfunction_5': 7.0, 'mapfunction_6': 0, 'mapfunction_7': 0, 'mapfunction_8': 3.0, 'mapfunction_9': 0, 'max_sequence_length': 500.0, 'num_attention_heads': 4.0, 'num_hidden_layers': 4.0, 'position_embedding_type': 3, 'pred_learning_rate': 5e-05, 'tokenizer': 4, 'vocab_size': 29000.0}",448,0.6034493683363804,0.3965506316636196,0.00035953521728515625
"{'attention_probs_dropout_prob': 0.2, 'batch_size': 64, 'hid_epoches': 10.0, 'hid_learning_rate': 5e-05, 'hidden_act': 4, 'hidden_dropout_prob': 0.2, 'hidden_size': 241.0, 'intermediate_size': 1155.0, 'loss_function': 1, 'mapfunction_1': 1.0, 'mapfunction_10': 5.0, 'mapfunction_11': 0, 'mapfunction_12': 0, 'mapfunction_2': 0, 'mapfunction_3': 0, 'mapfunction_4': 0, 'mapfunction_5': 8.0, 'mapfunction_6': 0, 'mapfunction_7': 0, 'mapfunction_8': 0, 'mapfunction_9': 0, 'max_sequence_length': 512.0, 'num_attention_heads': 6.0, 'num_hidden_layers': 6.0, 'position_embedding_type': 2, 'pred_learning_rate': 0.001, 'tokenizer': 4, 'vocab_size': 31000.0}",449,0.562466153590335,0.437533846409665,0.00047898292541503906
"{'attention_probs_dropout_prob': 0.2, 'batch_size': 16, 'hid_epoches': 11.0, 'hid_learning_rate': 0.0001, 'hidden_act': 3, 'hidden_dropout_prob': 0.2, 'hidden_size': 189.0, 'intermediate_size': 2645.0, 'loss_function': 1, 'mapfunction_1': 1.0, 'mapfunction_10': 7.0, 'mapfunction_11': 0, 'mapfunction_12': 0, 'mapfunction_2': 0, 'mapfunction_3': 0, 'mapfunction_4': 0, 'mapfunction_5': 9.0, 'mapfunction_6': 0, 'mapfunction_7': 0, 'mapfunction_8': 4.0, 'mapfunction_9': 0, 'max_sequence_length': 497.0, 'num_attention_heads': 1.0, 'num_hidden_layers': 7.0, 'position_embedding_type': 2, 'pred_learning_rate': 5e-05, 'tokenizer': 4, 'vocab_size': 20000.0}",451,0.5989043614237831,0.4010956385762169,0.0003418922424316406
"{'attention_probs_dropout_prob': 0.2, 'batch_size': 32, 'hid_epoches': 12.0, 'hid_learning_rate': 0.0001, 'hidden_act': 4, 'hidden_dropout_prob': 0.2, 'hidden_size': 221.0, 'intermediate_size': 2947.0, 'loss_function': 1, 'mapfunction_1': 1.0, 'mapfunction_10': 7.0, 'mapfunction_11': 0, 'mapfunction_12': 0, 'mapfunction_2': 0, 'mapfunction_3': 0, 'mapfunction_4': 0, 'mapfunction_5': 11.0, 'mapfunction_6': 0, 'mapfunction_7': 0, 'mapfunction_8': 5.0, 'mapfunction_9': 0, 'max_sequence_length': 474.0, 'num_attention_heads': 7.0, 'num_hidden_layers': 7.0, 'position_embedding_type': 2, 'pred_learning_rate': 5e-05, 'tokenizer': 4, 'vocab_size': 21000.0}",459,0.6015909096145435,0.39840909038545647,0.0003304481506347656
"{'attention_probs_dropout_prob': 0.2, 'batch_size': 16, 'hid_epoches': 12.0, 'hid_learning_rate': 0.0001, 'hidden_act': 3, 'hidden_dropout_prob': 0.2, 'hidden_size': 239.0, 'intermediate_size': 1523.0, 'loss_function': 1, 'mapfunction_1': 1.0, 'mapfunction_10': 12.0, 'mapfunction_11': 0, 'mapfunction_12': 3.0, 'mapfunction_2': 0, 'mapfunction_3': 0, 'mapfunction_4': 0, 'mapfunction_5': 0, 'mapfunction_6': 0, 'mapfunction_7': 0, 'mapfunction_8': 0, 'mapfunction_9': 9.0, 'max_sequence_length': 493.0, 'num_attention_heads': 6.0, 'num_hidden_layers': 6.0, 'position_embedding_type': 2, 'pred_learning_rate': 5e-05, 'tokenizer': 4, 'vocab_size': 26000.0}",460,0.576669678160189,0.423330321839811,0.0002944469451904297
"{'attention_probs_dropout_prob': 0.5, 'batch_size': 16, 'hid_epoches': 11.0, 'hid_learning_rate': 0.0001, 'hidden_act': 2, 'hidden_dropout_prob': 0.2, 'hidden_size': 233.0, 'intermediate_size': 3068.0, 'loss_function': 1, 'mapfunction_1': 3.0, 'mapfunction_10': 7.0, 'mapfunction_11': 0, 'mapfunction_12': 9.0, 'mapfunction_2': 0, 'mapfunction_3': 0, 'mapfunction_4': 0, 'mapfunction_5': 7.0, 'mapfunction_6': 0, 'mapfunction_7': 0, 'mapfunction_8': 5.0, 'mapfunction_9': 0, 'max_sequence_length': 394.0, 'num_attention_heads': 7.0, 'num_hidden_layers': 7.0, 'position_embedding_type': 2, 'pred_learning_rate': 5e-05, 'tokenizer': 3, 'vocab_size': 27000.0}",474,0.5916386203711987,0.40836137962880126,0.00037479400634765625
"{'attention_probs_dropout_prob': 0.2, 'batch_size': 64, 'hid_epoches': 12.0, 'hid_learning_rate': 0.0001, 'hidden_act': 3, 'hidden_dropout_prob': 0.1, 'hidden_size': 19.0, 'intermediate_size': 2861.0, 'loss_function': 2, 'mapfunction_1': 1.0, 'mapfunction_10': 10.0, 'mapfunction_11': 0, 'mapfunction_12': 9.0, 'mapfunction_2': 0, 'mapfunction_3': 0, 'mapfunction_4': 0, 'mapfunction_5': 7.0, 'mapfunction_6': 0, 'mapfunction_7': 0, 'mapfunction_8': 3.0, 'mapfunction_9': 0, 'max_sequence_length': 491.0, 'num_attention_heads': 1.0, 'num_hidden_layers': 6.0, 'position_embedding_type': 2, 'pred_learning_rate': 5e-05, 'tokenizer': 1, 'vocab_size': 21000.0}",490,0.6018710375250723,0.3981289624749277,0.00032806396484375
"{'attention_probs_dropout_prob': 0.4, 'batch_size': 16, 'hid_epoches': 13.0, 'hid_learning_rate': 0.0001, 'hidden_act': 3, 'hidden_dropout_prob': 0.5, 'hidden_size': 43.0, 'intermediate_size': 2943.0, 'loss_function': 2, 'mapfunction_1': 0, 'mapfunction_10': 11.0, 'mapfunction_11': 0, 'mapfunction_12': 0, 'mapfunction_2': 0, 'mapfunction_3': 0, 'mapfunction_4': 0, 'mapfunction_5': 0, 'mapfunction_6': 0, 'mapfunction_7': 0, 'mapfunction_8': 4.0, 'mapfunction_9': 8.0, 'max_sequence_length': 455.0, 'num_attention_heads': 4.0, 'num_hidden_layers': 8.0, 'position_embedding_type': 3, 'pred_learning_rate': 5e-05, 'tokenizer': 3, 'vocab_size': 19000.0}",493,0.5977796345972752,0.40222036540272477,0.0003447532653808594
